pairID,premise,edited_premise,hypothesis,gold_label,target_label,label
3473635435.jpg#0r1n,A young girl in a helmet walks barefoot across a mossy tree trunk that is lying over water.,A young girl in a helmet walks falls from a mossy tree trunk and scrapes her knee.,A girl might fall off a tree.,neutral,contradiction,1
527255763.jpg#3r1n,A young girl poses with a trophy in the park.,A young girl poses with a trophy in the park after winning a racing competition.,A girl poses with her spelling bee trophy.,neutral,contradiction,1
3500115252.jpg#3r1e,A dog plays with a stuffed animal.,A dog angrily growls at his owner.,The dog is enjoying himself.,neutral,contradiction,1
4958466857.jpg#1r1n,"Two street people and a dog sitting on the ground and one is holding an ""out of luck"" sign.",A large Husky with snow white fur barks deeply.,the dog is a chihuahua,neutral,contradiction,1
1100708949.jpg#1r1n,Two women are hugging on a path through a grassy area with a cow visible past them.,Two women are hugging on a path in the middle of a large metropolitan city.,the women have rounded up the last cow for the fall,neutral,contradiction,1
2899276965.jpg#1r1n,A man wearing black pants rides along a concrete ledge on rollerblades.,A professional rollerblader holds on to a railing while riding on a flat sidewalk.,The man may lose his balance.,neutral,contradiction,1
7523563426.jpg#0r1n,"Bruce Springsteen, with one arm outstretched, is singing in the spotlight in a dark concert hall.","Bruce Springsteen, with one arm outstretched, gestures to his wife.",Bruce Springsteen is gay,neutral,contradiction,1
2813033949.jpg#3r1n,A black and white dog jumps for a tennis ball.,A black and white dog sleeps on a living room rug.,A border collie is jumping to catching a toy.,neutral,contradiction,1
3621649810.jpg#2r1n,A woman raises her arms as she looks out over the water at the setting sun.,"A woman raises her arms as she sits in a cold, dark, study room in her university.",a woman enjoying a florida beacj,neutral,contradiction,1
19796500.jpg#0r1n,A man in a navy blue shirt is tossing a boy with a large smile on his face high into the air.,A man in a navy blue shirt is tossing a girl with a large smile on his face high into the air.,A man tossing his son into the air.,neutral,contradiction,1
1354318519.jpg#1r1n,a boy in a red hooded top is smiling whilst looking away from his reflection.,a boy in a red hooded top is smiling whilst looking at his reflection.,The boy doesn't want to see his reflection.,neutral,contradiction,1
3041689520.jpg#3r1n,Naked children play on the muddy riverbank.,Naked children play on a sandy beach.,THE NUDE KIDS PLAYED ON THE RIVERBANK  IN THE MUD JUST TO HAVE A MUD BATH,neutral,contradiction,1
7012109893.jpg#0r1n,A man dressed in blue places mop inside a green bucket as he stands on a roof that overlooks a city.,"A man dressed in blue places mop inside a green bucket as he smiles, sings, and whistles.",A man is not happy about having to clean the roof.,neutral,contradiction,1
2434710077.jpg#2r1n,Three young girls and a baby are sitting in the grass on a blue blanket with baby toys scattered on it.,Three young girls and a baby are sitting in the grass facing away from each other and crying.,Four sisters play with each other.,neutral,contradiction,1
3136688093.jpg#2r1n,Fireworks light up the night as a man stands on stage.,Audiences watch a man gesture towards the ceiling in an opera house.,The man is throwing a concert outside,neutral,contradiction,1
4685056764.jpg#0r1n,Three army soldiers are holding guns and peering around a corner of a building.,Three army soldiers are sitting around a table laughing and drinking beer.,Soldiers are being told to guard a building.,neutral,contradiction,1
525338588.jpg#0r1n,"Many people standing outside of a place talking to each other in front of a building that has a sign that says ""HI-POINTE.""",People stand in a line outside a building to vote in a federal election.,The people are having a chat before going into the work building.,neutral,contradiction,1
542850900.jpg#1r1n,A boy in a red shirt is squatting in front of a circle of stones with a pot in the middle.,A boy in a red shirt is squatting in front of his kitchen stove with a pot waiting for pasta to boil.,A boy prepares a camp fire spot to make his dinner.,neutral,contradiction,1
5217397101.jpg#0r1n,An elderly woman with a tan nun uniform on and glasses is taking a picture with her camera.,An elderly woman with a tan nun uniform on and glasses is taking a picture with her camera of her daughter.,A woman is trying to take pictures of the world's largest tree,neutral,contradiction,1
2656039837.jpg#0r1n,A girl is about to hit a tennis ball coming from above her with a racket,A girl is about to hit a volleyball coming from above her.,A girl is playing tennis with three other people.,neutral,contradiction,1
3679502342.jpg#3r1n,A man walks along with a can of soda in his hand.,A man walks along a path with a can of soda in his hand smiling and whistling.,A sad man walks along with a can of soda in his hand.,neutral,contradiction,1
4720431530.jpg#0r1n,"A group of people, one of which is a woman with a large white and colorful purse, wait to board a large white and blue bus.","A group of people, one of which is a woman with a large white and colorful purse, buckle their seatbelts on a plane.",The people are waiting outside of an airport to board the bus.,neutral,contradiction,1
927420680.jpg#4r1n,The man walks among the large trees.,The man walks among large concrete buildings.,The man is lost in the woods.,neutral,contradiction,1
2730560023.jpg#0r1n,"At an outdoor event on a large table, several workers form an assembly line in which they prepare food, with many squeeze bottles and dispensers visible and a woman wearing plastic gloves in the foreground.","At an outdoor event on a large table, several workers form an assembly line to prep care packages for their local homeless shelter.",Workers preparing for a chili cook-off.,neutral,contradiction,1
3471514734.jpg#2r1n,A little girl in a gray shirt smiles as she brushes her teeth with a yellow and orange toothbrush.,A little girl in a gray shirt frowns and cries as she brushes her teeth with a yellow and orange toothbrush.,A girl fakes a smile to brush her teeth.,neutral,contradiction,1
3963683506.jpg#0r1n,"Six males, four with shirts and two without, have taken a break from their construction work on a building.","Six males, four with shirts and two without, relax outside of their pool at a party.",A construction crew is sitting and standing next to a building.,neutral,contradiction,1
4725662892.jpg#1r1n,Numerous customers browsing for produce in a market.,Numerous customers browsing for jewelry at a thrift store.,People are shopping for watermelons.,neutral,contradiction,1
1067675215.jpg#2r1n,A man laying down in middle of street during heavy traffic.,A man runs down in middle of street during heavy traffic.,The traffic made a guy fall asleep.,neutral,contradiction,1
6580690359.jpg#4r1n,People are shopping around Christmas time for decorations.,People are shopping around at an outdoor farmers market.,People are in the mall shopping.,neutral,contradiction,1
3364715316.jpg#4r1n,Two women on a beach.,Two women lounge by the side of their neighborhood public pool.,Two mothers enjoy a day at the beach with their husbands.,neutral,contradiction,1
2609836649.jpg#1r1n,A brown and white dog swims in a backyard swimming pool.,A brown and white dog walks along the side of a backyard swimming pool.,A brown dog swims with their owner.,neutral,contradiction,1
7883041362.jpg#0r1n,"A young woman wearing jeans, a white t-shirt and a hat, performs a high flying trick on a bicycle at an outdoor bike park.","A young woman wearing jeans, a white t-shirt and a hat, performs a high flying trick on a skateboard at an outdoor bike park.",Young woman shows off new bike tricks in front of friends.,neutral,contradiction,1
8757787.jpg#2r1n,Street vendors preparing and serving grilled food.,Street vendors bake a cake and other sweet goodies for their potential customers.,Street vendors are skillfully grilling food for customers.,neutral,contradiction,1
4615250594.jpg#4r1n,Two old women sitting on curb next to flowers,Two old women sitting in their living rooms.,Two old women sat near the scenery that they enjoyed,neutral,contradiction,1
5802826308.jpg#1r1n,"Two children are looking through a telescope on a city street, and the boy is using a step ladder to see through the eyeglass.","Two children are looking through a binoculars on a city street, and the boy is using a step ladder to see through the eyeglass.",Two children are testing out their new telescope and seeing what they can see on the street.,neutral,contradiction,1
4557545329.jpg#0r1n,"A man in a light brownish jacket, orange undershirt, blue jeans, and a black satchel, who has many sticks of cotton candy.","A man in a light brownish jacket, orange undershirt, blue jeans, and a black satchel, who has many sticks of chocolate.",A man at a fair is selling cotton candy to little children.,neutral,contradiction,1
4783263491.jpg#0r1n,Women in a red hat and beige shoes standing with hands behind her back in front of a cement wall.,An infant in a red hat and beige shoes standing with hands behind her back in front of a cement wall.,A tall person in a hat,neutral,contradiction,1
2624979508.jpg#4r1e,Artists install a new exhibit in a gallery.,Artists work to restore an antique painting in a gallery.,People put up new art.,neutral,contradiction,1
6526219567.jpg#4r1n,A statue at a museum that no seems to be looking at.,A statue at a museum that a smiling and cheering crowd gathers around.,The statue is offensive and people are mad that it is on display.,neutral,contradiction,1
1235681222.jpg#2r1n,People sitting on benches in a public area.,People sitting on benches inside a public library.,There are people sitting on benches outdoors talking to each other.,neutral,contradiction,1
2545363449.jpg#3r1n,A girl in a yellow dress looks at a restaurant building.,A girl in a yellow dress enjoys some food at her favorite restaurant.,A girl debates eating at a certain restaurant.,neutral,contradiction,1
4970561178.jpg#2r1n,Three women talk to each other next to another woman sitting on a motorcycle.,Three women talk to each other next to another woman sitting on the sidewalk after going for a hike together.,A group of women went for a motorcycle ride.,neutral,contradiction,1
3958778014.jpg#0r1n,A woman in a white shirt inspects a black garment while sitting in a chair at a festival.,A woman in a white shirt inspects her shirt while sitting in a chair at a festival.,A woman checks for a stain on her son's shirt at the festival.,neutral,contradiction,1
80143638.jpg#3r1n,Man in leather jacket and scarf sits on purple cushion at a party.,Man in leather jacket and scarf sits on purple cushion in his living room.,A man is at his sisters party.,neutral,contradiction,1
2965734920.jpg#3r1n,A little girl in a colorful shirt holding a flower.,A little boy in a colorful shirt holding a flower.,THe girl is cute,neutral,contradiction,1
6887014469.jpg#0r1n,"there's a woman in a pink and gray striped outfit standing with five children, three of which are making faces.",A woman in a pink and gray striped outfit poses for a picture by herself.,the family is trying to take a family picture,neutral,contradiction,1
2127209046.jpg#1r1n,A group is walking between two giant rock formations.,A group is walking between two giant skyscrapers in a large metropolitan city.,A group is hiking.,neutral,contradiction,1
256444892.jpg#4r1n,A couple walking down the street.,A couple watches television together in their living room.,"An old couple walking, holding hands",neutral,contradiction,1
2097697050.jpg#2r1n,A man and a child are laughing at each other.,A man and his wife are laughing at each other.,A man and his daughter are making funny faces.,neutral,contradiction,1
207225205.jpg#0r1n,An Asian woman dressed in a colorful outfit laughing.,An Asian woman dressed in a colorful outfit tears up as she watches her dog take his last breath.,The woman is laughing at a joke.,neutral,contradiction,1
6147735412.jpg#1r1n,"A woman and two men, that are dressed professionally, are having a discussion.","A woman and two men, that are dressed professionally, are having a discussion about the freedom afforded to slaves by Abraham Lincoln.",A woman and two men are having a discussion about freedom.,neutral,entailment,1
3275201035.jpg#2r1n,A girl in a black sweater and jeans pours water into an empty soda bottle.,A girl in a black sweater and jeans pours water into the Coca Cola bottle she just finished drinking soda from.,A girl pours water into an empty coca cola bottle,neutral,entailment,1
3884461163.jpg#3r1n,A black woman is sitting on the beach examining an octopus.,A black woman is sitting on the beach attaching more bait to her fishing rod.,The woman has been fishing in the ocean,neutral,entailment,1
3173690688.jpg#4r1n,Man taking photos of seagulls over the ocean.,Man taking photos of seagulls as he looks at a clear sky with the sun shining.,It is sunny.,neutral,entailment,1
6769024927.jpg#2r1n,A snowboarder with a maroon coat sails through the air.,A snowboarder with a maroon coat sails through the air as he practices a new trick for the first time.,The snowboarder has never tried this jump before.,neutral,entailment,1
2422302286.jpg#3r1n,Small girl riding in play car.,Small girl riding in play car accelerates towards a concrete wall while screaming for her mother.,A girl is about to crash her toy car.,neutral,entailment,1
4831412806.jpg#3r1n,Several people wearing green shirts walk on the beach together.,"Several people wearing green shirts walk on the beach together combing the sand for sea shells, and putting them in their pockets.",Some people are walking on the beach collecting sea shells.,neutral,entailment,1
1865794069.jpg#2r1n,A boy in an all blue uniform kicks a blue soccer ball in a grassy area.,A boy in an all blue uniform kicks a blue soccer ball to other kids on his soccer team in a grassy area.,A boy is playing with the other children.,neutral,entailment,1
1128230658.jpg#0r1n,A young boy with a shaved head and dirty white collared shirt holds a chicken in his arm.,A young boy with a shaved head and dirty white collared shirt holds a chicken in his arm at his father's farm.,The young boy is on a farm.,neutral,entailment,1
6082587848.jpg#3r1n,A woman within an orchestra is playing a violin.,A woman within an orchestra performs for an audience at a local concert hall.,A woman is playing a concert.,neutral,entailment,1
4906946.jpg#1r1n,"Two roadside workers with lime green safety jackets, white hard hats and gloves on with construction cones in the background","Two roadside workers with lime green safety jackets, white hard hats and gloves on with construction cones in the background after receiving the plan for a new building.",Two men are placing construction cones in preparation of a new pipeline building.,neutral,entailment,1
759822302.jpg#2r1n,A man in a blue collared t-shirt posing at someone while holding a hebrew newspaper.,A man in a blue collared t-shirt attends a Jewish synagogue weekly wearing a yarmulke to pray.,He is jewish.,neutral,entailment,1
4771934780.jpg#1r1n,A young japanese couple holding an umbrella walking down a street.,A young japanese couple shield themselves from a bad thunderstorm using an umbrella while walking down a street.,The young Asian couple are using an umbrella to protect themselves from the hard rain.,neutral,entailment,1
4931927819.jpg#0r1n,An older man in a light green shirt and dark green pants holds the hand of an older woman as they pass an outside eatery with teal umbrellas.,An older man in a light green shirt and dark green pants holds the hand of an older woman as they peer into an popular eatery from windows on the sidewalk.,An older looking couple is glancing through a glass window of a busy restaurant.,neutral,entailment,1
2218519240.jpg#2r1n,A man is wearing protective hair and face coverings.,A waiter brings food to a customer's table.,A man is working in a restaurant.,neutral,entailment,1
3830027232.jpg#0r1n,Two people standing behind a Sonoma display and a woman with a stroller on the other side.,A woman reaches down into a stroller to stroke her daughter's hair.,A woman has her daughter in a stroller.,neutral,entailment,1
4463883091.jpg#3r1n,A man is painting a city scene on a canvas in the street.,A man holds a paintbrush while staring at the New York City skyline and standing in front of a blank canvas.,A man is painting New York City.,neutral,entailment,1
2843629756.jpg#0r1n,A man wearing shorts and a blue t-shirt is applying signage to the display window of an ice cream shop.,"A man wearing shorts and a blue t-shirt hangs up a sign reading ""Sale"" while people walk out of his store with ice cream cones. ",A man is putting a sign in the window to alert customers of an upcoming ice cream sale.,neutral,entailment,1
12118309.jpg#1r1n,"Two men with black glasses are holding food, one appears to be eating.",Two men with black glasses stand and stare at a table full of hors d'oeuvres while smelling each starter.,Two men at a party are inspecting the appetizers.,neutral,entailment,1
7074956741.jpg#2r1n,A group of young people performing on a stage.,A group of young people perform a musical for an audience on Broadway. ,A group of people are singing and dancing on stage for people.,neutral,entailment,1
3655862352.jpg#0r1n,"Two sweet young girls on ice skates, hands up and holding on to each other get ready to begin their performance on the ice.","Two sweet young girls on ice skates, hands up and holding on to each other get ready to begin their performance on the ice at the Olympics.",The female ice skaters are competing in a tournament.,neutral,entailment,1
264141937.jpg#0r1n,"A woman wearing dollar sign glasses, holding a dollar bill, stands with a suitcase that says ""Lucky"" that is overflowing with cash.","A woman wearing dollar sign glasses, holding a dollar bill, stands with a suitcase that says ""Lucky"" that is overflowing with cash while a company representative looks supervises the photoshoot.",She is dressed up for a commercial shoot,neutral,entailment,1
4934102103.jpg#4r1n,A couple is taking a break from bicycling.,A couple lock their bikes to a bike rack and proceed to lay on the grass in a public park.,two people park their bikes.,neutral,entailment,1
202174998.jpg#1r1n,A man wearing a white t-shirt and shorts is rock climbing with other people wearing blue hard hats.,"A man in a white t-shirt with a fear of heights rock climbs for the first time, cautiously putting one foot over the other over the span of an afternoon.",A man in a whit shirt and shorts is rock climbing at a very very slow pace.,neutral,entailment,1
2865725777.jpg#3r1n,A man looks intent while sculpting a gargoyle.,A man looks at his palette full of neon primary colors while sculpting a gargoyle ,The man is trying to add color to his sculpture.,neutral,entailment,1
3263395801.jpg#0r1n,A person rides a motorbike on a dirt path surrounded by trees.,A person rides a black motorbike on a dirt path surrounded by trees.,The bike is black.,neutral,entailment,1
2987195421.jpg#0r1n,The baseball players near the pitching mound are celebrating as the batsman walks away.,The baseball players near the pitching mound are celebrating as the batsman walks away after they catch a ball before the opposing player arrives at a base.,The pitcher just struck out the opposing player at bat.,neutral,entailment,1
4816940001.jpg#2r1n,Two girls holding bags walking down the sidewalk.,Two girls holding bags of newly purchased clothes walking in a mall,Two women are enjoying an afternoon of shopping.,neutral,entailment,1
2255685792.jpg#3r1n,Three people on skis are standing behind a no skiing sign.,"Three people on skis get off a ski lift and look down the mountain to the ski lodge below, marveling how high up they are.",Three friends standing on top of a ski mountain.,neutral,entailment,1
4653258614.jpg#1r1n,An officer in a black uniform and hat stands to the left of a large structure with other officers in the background.,An officer in a black uniform and hat stands to the left of a large structure with other officers in the background looking at a chalk outline of a body.,A group of officers stand near a crime scene.,neutral,entailment,1
3422394336.jpg#0r1n,A dog hides in the tall grasses along a rocky shore,A dog wags its tail and jumps happily on its owner while walking along a rocky shore.,The dog loves to be here.,neutral,entailment,1
4772240224.jpg#4r1n,people sitting on stools looking outside.,People sitting on stools looking outside while holding beer mugs in their hands.,People look out side the bar they are in.,neutral,entailment,1
7192379802.jpg#4r1n,Baby in running in over-sized flip-flops.,Baby in running in over-sized flip-flops that she stole from her older sister.,A baby is running in her big sisters flip-flops.,neutral,entailment,1
2443938628.jpg#1r1n,"A young boy is following through on a kick during a soccer game, while two players on the opposing team challenge.","A young boy is following through on a kick during a soccer game, while two players on the opposing team challenge hurl insults and make fun of him.",The teams hate eachother.,neutral,entailment,1
3643022155.jpg#1r1n,An Asian young woman wearing a white shirt and black pants is holding a pink purse.,An Asian young woman wearing a white shirt and black pants is holding a pink purse while blowing out the candles on her 25th birthday.,The woman is in her 20s.,neutral,entailment,1
7523563426.jpg#0r1c,"Bruce Springsteen, with one arm outstretched, is singing in the spotlight in a dark concert hall.","Bruce Springsteen, with one arm outstretched, performs in his hometown of Miami.",Bruce Springsteen is from Florida.,neutral,entailment,1
3394586927.jpg#1r1n,The man in the black shirt is skateboarding on the front steps of the building.,A movie actor in a black shirt is skateboarding on the front steps of the building holding a poster of his new film.,A guy is doing skateboard tricks outside a building to promote a movie.,neutral,entailment,1
5019568325.jpg#1r1n,A singer wearing a leather jacket performs on stage with dramatic lighting behind him.,"A singer wearing a leather jacket with the lettering ""American Idol"" performs on stage with dramatic lighting behind him.",a singer is on american idol,neutral,entailment,1
2394275528.jpg#0r1n,"A girl is swinging, rather high, on a swing with blue ropes with lots of trees in the background.","A girl is swinging, rather high, on a swing with pastel blue ropes with lots of trees in the background.","A girl is swinging, rather high, on a swing with light blue ropes.",neutral,entailment,1
2537611154.jpg#2r1n,Four men wearing orange vests are putting in a steel beam on the ground.,Four tall men wearing orange vests are putting in a steel beam on the ground.,Tall humans in orange,neutral,entailment,1
4169121436.jpg#3r1n,Women wait under their umbrellas for customers at a fresh food market.,Women wait under their umbrellas during a rainstorm for customers at a fresh food market.,It is raining outside.,neutral,entailment,1
4525101035.jpg#0r1n,A young man in a heavy brown winter coat stands in front of a blue railing with his arms spread.,A young man in a heavy brown winter coat watches his friends ice skate on a body of water that is frozen over as he stands behind a metal railing.,The railing is in front of a frozen lake.,neutral,entailment,1
4443087970.jpg#3r1n,Man on phone in business suit walking down a busy street.,Man on phone in business suit walking down a busy street calls his wife to ask what to make for dinner.,A man is talking to his wife on the phone while walking down the street.,neutral,entailment,1
4282604922.jpg#1r1n,People standing in front of a gray building with a sign that reads' Tickets Available Here'.,People stand in line in front of a gray building with a sign that reads' Tickets Available Here'  in the hopes of watching their favorite band perform.,The people are wanting to buy concert tickets.,neutral,entailment,1
3309092684.jpg#1r1n,A smiling woman and man are seated in front of a microphone in a music studio.,A smiling and cheerful woman and man are seated in front of a microphone in a music studio celebrating their new song.,the woman is happy.,neutral,entailment,1
4511584046.jpg#4r1n,Woman adjusting her eyeglasses.,Woman adjusting her eyeglasses closes her novel and proceeds to make dinner.,Woman adjusting her eyeglasses after reading.,neutral,entailment,1
151155158.jpg#1r1n,A young couple and many others out enjoying themselves at an outdoor street event.,A young couple inspects a piece of jewelry at a stall at an outdoor street event.,The young couple are looking at goods being sold by the street vendors.,neutral,entailment,1
245895500.jpg#4r1n,Person fishing in river.,Person fishing in river hangs a new bait on his fishing rod.,They have a fishing pole,neutral,entailment,1
3143978284.jpg#0r1n,"Two older women with a baby that has a pacifier in its mouth, the baby wears an orange and brown dress.","Two older women with a baby that has a pacifier in its mouth, the baby wears an new orange and brown dress knitted for him by his grandmother. ",The dress was a gift.,neutral,entailment,1
2750867389.jpg#4r1n,A man and a boy behind the wheel of a car.,A man and a boy behind the wheel of a car points to the odometer and explains what it does.,The man behind the wheel is teaching the boy about cars.,neutral,entailment,1
5732157460.jpg#0r1e,A group of children looking at the contents of a slide through a microscope displayed on a computer screen.,A group of children look gather around to look at something together.,The children are looking through a microscope.,entailment,neutral,0
2219959872.jpg#3r1e,A man and two kids standing in front of an ancient building.,A man stands in his kitchen watching water boil.,A man is standing with two kids.,entailment,neutral,0
4569391692.jpg#1r1e,A man falling off a bull as the animal jumps into the air.,A man falls off an animal.,An animal jumps as a male falls.,entailment,neutral,0
4145780777.jpg#4r1e,Men at a party hanging out on the front porch.,A woman holds a party on her front porch to celebrate her promotion at work.,There are men at the party.,entailment,neutral,0
4315212557.jpg#0r1e,"A boy and a girl sit at a black table, while a second boy sits near them on a windowsill.","A boy and a girl sit together, while a second boy sits near them.",There are boys and girls sitting at a table,entailment,neutral,0
4850474112.jpg#0r1e,"The festivities of the Latin celebration has brought many visitors and enthusiastic, colorful, performers to the city.",A city celebrates a Latin festival during the Spring.,Many people populate the city.,entailment,neutral,0
1680409989.jpg#3r1e,A woman is painting a mural of a woman's face.,A person is painting a mural of a woman's face.,There is a woman painting.,entailment,neutral,0
3609448700.jpg#0r1e,The number eight rollerskater is taking the lead and pulling away from her black and red dressed opponents.,The number eight rollerskater is taking the lead in a competition.,A rollerskater pulling away from the pack.,entailment,neutral,0
3715790408.jpg#1r1e,A group of smiling people are posing outdoors for a picture.,A group of smiling people are outdoors.,A crowd of people are taking a picture outside.,entailment,neutral,0
2581058635.jpg#3r1e,A man squatting in a park looking at something in the distance.,A man sits in the grass at a park.,A man sees something while in a park.,entailment,neutral,0
378998340.jpg#3r1e,A boy plays his trumpet during a performance with his band.,A boy plays a brass instrument during a school band performance.,A human with a trumpet,entailment,neutral,0
4714264743.jpg#0r1e,A man with a blue and white backpack and black jeans and jacket walks by a large monument surrounded by a gray fence.,A man in black jeans and jacket walks by a large monument surrounded by a gray fence.,A person is strolling with a bag.,entailment,neutral,0
5579811387.jpg#0r1e,A man with a pinstriped shirt and tan slacks adjust his tie while looking at a apple laptop computer.,A man with a pinstriped shirt and tan slacks looks at a laptop computer.,A man adjusts his tie looking at a laptop,entailment,neutral,0
1119015538.jpg#4r1e,The small dog is running across the lawn.,An owner lets a small dog out into the backyard.,A mammal is running through the yard.,entailment,neutral,0
4201783749.jpg#0r1e,"In a snowy residential environment, a man with a brown jacket and gray mustache and beard places a hand on a felled log while another man in a blue shirt is blurry on the right side of the photo.",A man with a brown jacket and gray mustache and beard places a hand on a felled log while another man in a blue shirt is blurry on the right side of the photo.,The men felled the log in a snowy area.,entailment,neutral,0
3365348059.jpg#3r1e,a blond woman kissing the cheek of a brown-haired man.,A blond woman kisses a brown-haired man.,A man and a woman sharing a kiss on the cheek.,entailment,neutral,0
2821356536.jpg#4r1e,Two men roasting marshmallows in a fire pit.,Two men appear next to each other in a picture.,Two men standing next to each other,entailment,neutral,0
470887785.jpg#0r1e,"A speaking woman at a podium has the phrase ""Armenian Genocide"" written on it, flanked by priests and men in suits.","A woman at a podium has the phrase ""Armenian Genocide"" written on it, flanked by priests and men in suits.",The woman has sounds emanting from her mouth.,entailment,neutral,0
2557129157.jpg#3r1e,Blond boy in striped shirt on the swing set.,A blonde boy in striped shirt plays at a playground.,A boy is on the swing set.,entailment,neutral,0
6113672400.jpg#1r1e,A man is wearing a blue and yellow racing uniform while holding a bottle,A man is wearing a blue and yellow racing uniform.,this guy is wearing a racing uniform while holding a bottle,entailment,neutral,0
3721881082.jpg#1r1e,A woman wearing colonial clothing is sitting on the grass reading to a young girl.,A woman wearing colonial clothing is sitting reading to a young girl.,People are outside.,entailment,neutral,0
6278649113.jpg#2r1e,A woman with a blue shirt and colorful hair has just thrown the bowling ball.,A woman with a blue shirt and colorful hair has just thrown a ball.,A woman is bowling.,entailment,neutral,0
7466310132.jpg#2r1e,A man and woman look through CD's at a street vendor.,A man and woman look through CD's.,A man and women shopping,entailment,neutral,0
4696874093.jpg#2r1e,A group of people are sight seeing and taking pictures.,Someone sightsees and takes pictures of scenery.,there are a group of people,entailment,neutral,0
3844096151.jpg#2r1e,A woman is holding a microphone in one hand and her mouth is open.,A woman is singing with a smile on her face at a concert.,A woman standing at a microphone,entailment,neutral,0
4427059629.jpg#3r1e,A young cowboy is riding bucking bronco in an arena.,A person rides a bucking bronco.,A cowboy is riding a bronco outside.,entailment,neutral,0
4484802872.jpg#0r1e,"Under the glaring light of a fluorescent bulb, men in dark clothing and hats approach fare card machines; one older man in a blue scarf glances up as he puts on his gloves.","Under the glaring light of a fluorescent bulb, men in dark clothing and hats approach fare card machines.",The man are covering themselves in clothing.,entailment,neutral,0
2904377891.jpg#0r1e,A group of people is sitting at a large table and using paint brushes to form characters on white paper.,A group of people is sitting at a large table while creating art.,The people are using paint brushes.,entailment,neutral,0
4889806295.jpg#1r1e,A couple stands at the top of a flight of outdoor stairs kissing one another.,A couple stands together and kiss one another on their wedding anniversary.,A couple stands near some stairs.,entailment,neutral,0
51900752.jpg#1r1e,Two men are loading bales of wheat on top of a high structure on a cloudy day.,Two men are loading bales of wheat on top of a high structure at noon.,There are clouds in the sky.,entailment,neutral,0
4274214534.jpg#4r1e,A woman is walking her dog along a snowy ground.,"A woman wearing a brown shirt and blue jeans stands next to her large, brown dog.",A woman is with her dog outside.,entailment,neutral,0
3708743823.jpg#4r1n,A guy in a red jacket is snowboarding in midair.,A man in a red jacket is on a mountain slope during the winter.,A guy is doing snowboard tricks,entailment,neutral,0
2956844849.jpg#3r1e,Man and a child at an exhibit booth looking at something.,Man and a child are at an exhibit booth together.,A man and a child look at something.,entailment,neutral,0
4630825353.jpg#4r1e,A girl laying on the ground on her cellphone.,A girl lays on the ground to take a break from her schoolwork.,a girl on her cellphone lying on the ground,entailment,neutral,0
273248777.jpg#0r1e,The American footballer in yellow catches the ball whilst under pressure from the payer in white.,The American footballer in yellow catches a ball amidst roaring screams from spectators in the stadium.,The American football player in yellow catches the ball while under pressure from the player in white.,entailment,neutral,0
2832453252.jpg#2r1e,Four young girls playing in the water.,Some people play in a public pool in their neighborhood.,Four girls are in the water.,entailment,neutral,0
2752175795.jpg#3r1e,Two guys sit on opposite sides of a strange billboard.,Two guys in green hard hats and blue jeans sit together and chat with each other.,Two guys sit on the side of a billboard.,entailment,neutral,0
5794131663.jpg#2r1e,A man swings his tennis racquet as the tennis ball gets closer to him.,A man swings his racquet during game practice.,A man is playing tennis.,entailment,neutral,0
2347823813.jpg#3r1e,A crowd watching a duo in blue dance on a stage.,A crowd watches a performance on a stage during an event.,A crowd is watching people dance.,entailment,neutral,0
474784914.jpg#1r1e,People looking at their reflection and the reflection of a city in a long irregular shaped mirror,People walk by a long irregular shaped mirror in the middle of a large city.,People checking out their reflection.,entailment,neutral,0
1910013808.jpg#0r1e,"A Lady in a Green and Black Jacket, and Blue pants, taking a Photos of a Horse.","A lady in a green and black Jacket, and blue pants, takes a picture.",A woman takes photos of a horse.,entailment,neutral,0
3413571342.jpg#2r1e,A man in colorful shorts is surfing under a wave.,A man in colorful shorts enters the ocean near a tropical island.,A man is surfing.,entailment,neutral,0
3329289652.jpg#3r1e,The boys are playing with Legos.,Some people are playing with Legos.,Boys are playing.,entailment,neutral,0
320093980.jpg#1r1e,"A woman in a scarf, laughing, being licked by a dog.",A woman in a scarf laughs.,A woman and a dog enjoy time together,entailment,neutral,0
4887879873.jpg#2r1e,A man wearing a black jacket stands next to a body of water.,A man wearing a black jacket stands next to a body of water.,A person is outside near some water.,entailment,neutral,0
4799885674.jpg#1r1e,A man wearing a striped shirt has a camera slung over his shoulder.,A man wearing a striped shirt has a camera.,The man with the stripped shirt is carrying a camera on his body.,entailment,neutral,0
3094546534.jpg#4r1e,People sitting in a dim restaurant eating.,People sitting in a dim restaurant.,People are eating food.,entailment,neutral,0
3949924354.jpg#1r1e,A man in a white shirt and baseball hat is pushing a cart carrying several bags on a street.,A man in a white shirt and baseball hat is pushing a cart carrying several bags.,A man is walking outside.,entailment,neutral,0
4324933848.jpg#0r1e,A little boy with blond-hair stares down at display case featuring cookies and cakes.,A little boy with blond-hair stares down at display case.,A boy is looking at pastries.,entailment,neutral,0
6218407324.jpg#1r1e,"A group of seven individuals wearing rafting gear, white water raft down a river.",A group of seven individuals go on an adventure together.,There are people in an inflatable boat.,entailment,neutral,0
2424111022.jpg#4r1n,A boy in the woods.,A girl in blue pants and a green shirt walks in the woods.,There is a small boy in the woods.,entailment,contradiction,0
4294610133.jpg#0r1e,"two men are seen talking, one man wears pink and another is sporting a t-shirt for summer school 60th anniversary.","Two men are sitting across each other in silence, one man wears pink and another is sporting a t-shirt for summer school 60th anniversary.",The two men are talking.,entailment,contradiction,0
4546706008.jpg#2r1e,Man and a woman at the side of a table covered in books.,Man and a woman work together at a construction site carrying raw metals.,People near a lot of reading materials.,entailment,contradiction,0
4813951931.jpg#3r1e,A young man in an orange hat walks his bicycle down a street.,A young man in an orange hat rides his bicycle down a street.,A man in an orange hat walks his bike down a street.,entailment,contradiction,0
4013752334.jpg#0r1e,"Two men holding a Chinese lantern that's yellow and red, one man has a drill and the other is smiling.","Two men holding a Chinese lantern that's yellow and red, one man has a drill and the other is frowning.",One smiling man and one man with a drill hold a red and yellow Chinese lantern.,entailment,contradiction,0
3752991046.jpg#0r1e,A girl with curly hair and wearing a patriotic shirt is looking at a monarch butterfly sitting on her left index finger.,A girl with curly hair and wearing a patriotic shirt is looking at a ladybug sitting on her left index finger.,A girl and a butterfly,entailment,contradiction,0
2536792809.jpg#1r1e,railroad workers working on the tracks at nighttime,Railroad workers rest in their cabins through the night before going out to work on the tracks again the next morning.,there are people outside at night,entailment,contradiction,0
156021287.jpg#2r1e,A young boy is jumping down an inflatable water ride.,A young boy is jumping on his mattress in his bedroom.,A boy is outside,entailment,contradiction,0
3499641634.jpg#0r1e,"A lady teacher warning her students about their behavior in a museum setting, and inviting them to be quite.","A lady teacher warning her students about their behavior in an aquarium setting, and inviting them to be quite.",Students are inside of a museum,entailment,contradiction,0
4742677527.jpg#2r1e,A man is hanging sausages in a market.,A man is hanging flowers in a market.,A person is hanging sausages in a market.,entailment,contradiction,0
4526977553.jpg#2r1e,A woman wearing jeans is walking down the street.,A woman wearing jeans is walking down the stairs in her house.,A person is outside.,entailment,contradiction,0
3364258732.jpg#0r1e,an asian man in a black tracksuit is watching students doing exercised on basketball court.,An asian man in a black tracksuit is watching students doing exercises on a racetrack outside.,people excercise on court,entailment,contradiction,0
6154676236.jpg#0r1e,A female dancer wearing all white dancing while a photographer wearing all white takes her picture.,A female opera singer wearing all white singing while a photographer wearing all white takes her picture.,A girl dancing and photographer take a photo,entailment,contradiction,0
2545363449.jpg#3r1e,A girl in a yellow dress looks at a restaurant building.,A girl in a yellow dress looks at a brown couch inside a furniture store.,A girl in front of a building.,entailment,contradiction,0
317386541.jpg#0r1e,"Two hussars sit perched on horses, dressed in extravagant ceremonial wear, each holding a sabre in their right hand, reigns to the horse in their left.","Two hussars sit on the floor, dressed in extravagant ceremonial wear, each holding a sabre in their right hand.",Two people are on some animals.,entailment,contradiction,0
4021508253.jpg#1r1e,Lady wearing brown jacket with brown boots and orange colored scarf is hearing music while sitting in the train.,Lady wearing brown jacket with brown boots and orange colored scarf sits in silence on a train.,"There is a lady with an orange scarf, brown boots, and brown jacket on the train listening to music.",entailment,contradiction,0
2393059551.jpg#0r1e,A man is standing inside a building under construction filled with bricks and various tools.,A man is sitting at a table inside a newly built aquarium.,a man stands in a construction site,entailment,contradiction,0
2436549353.jpg#0r1n,A boy and girl play together on a pile or rocks in a residential area.,A boy and his father play together on a pile or rocks in a residential area.,The boy and girl are playing together,entailment,contradiction,0
1144865997.jpg#3r1e,Family members standing outside a home.,Family members stand around the kitchen table in their home celebrating Thanksgiving together.,A family is standing outside.,entailment,contradiction,0
6775388196.jpg#1r1e,A boy looks on at an electric device with three batteries inside of it and wires all around.,A boy stands in an empty field practicing karate kicks.,A boy near an item.,entailment,contradiction,0
4255821890.jpg#0r1e,A baby sitting in a highchair looking delighted.,A baby sitting in a highchair crying.,The baby is smiling,entailment,contradiction,0
3125809653.jpg#2r1e,A toddler is intrigued by a toy lego set in a bookstore.,A toddler is intrigued by a woman in a bookstore.,A kid is interested in a toy.,entailment,contradiction,0
3520050692.jpg#1r1e,"A young, well-dressed black man seated behind a drum set and smiling.","A young, well-dressed black man seated behind a drum set and tearing up.",a man is smiling,entailment,contradiction,0
6207347056.jpg#2r1e,A man riding his bike wearing his helmet in front of an audience.,A man riding his skateboard wearing his helmet in front of an audience.,A man is riding his bike,entailment,contradiction,0
2110692070.jpg#0r1e,A white and black spotted dog is running through a grassy area.,A white and black spotted dog is running through a bedroom.,A dog is outdoors.,entailment,contradiction,0
2178064851.jpg#2r1c,A wet child stands in chest deep ocean water.,A wet child stands in their bedroom after a warm bath and gets ready to sleep.,The child s playing on the beach.,entailment,contradiction,0
1402489103.jpg#2r1e,A group of women observing an event while one in military attire takes a photograph,A woman sleeps and her daughter takes a picture.,A group of people are watching something and one takes a picture.,entailment,contradiction,0
4954636046.jpg#2r1e,A man in red shows is bowling with a red ball at a bowling lane with Tecate ads.,A man in red shoes is hitting a red tennis ball at a gym.,The man is bowling.,entailment,contradiction,0
4669598715.jpg#0r1e,A brown-haired woman in a blue shirt decorated with gold trimmings paints a picture of two windows.,A brown-haired woman in a blue shirt decorated with gold trimmings constructs a sculpture of a gargoyle.,A woman is painting.,entailment,contradiction,0
611910909.jpg#1r1e,a young girl looking down through some leaves from atop a tree.,A young girl sits in her kitchen eating dinner with her parents.,There is a girl outdoors.,entailment,contradiction,0
2468921460.jpg#1r1e,A women's volleyball team plays in a brown and green gymnasium.,A women's volleyball team plays a tournament at a beach in Brazil.,A sports team is in a gym.,entailment,contradiction,0
7599430126.jpg#2r1e,"A man, with a full face mask, sits on a sidewalk playing the guitar.","A man, with a bare face, sits on a sidewalk playing the guitar in the cold, winter months.",A man is wearing a mask,entailment,contradiction,0
3613705104.jpg#2r1e,A man does a skating trick off of graffiti-filled stairs.,A man does a snowboard trick on a mountain slope in the snow.,A man skates outside.,entailment,contradiction,0
610825957.jpg#3r1e,A group of people are in a special formation on a soccer field.,A person kicks a soccer ball around alone on an empty field.,There are at least 2 people.,entailment,contradiction,0
4535433884.jpg#3r1e,A man is doing a task by a body of water on a farm.,A man is doing a task on a landlocked farm.,The man is doing something by the water.,entailment,contradiction,0
3686466222.jpg#1r1e,Two men heavily immersed in a conversation worth having.,A husband and wife talk to each other on the phone from opposite ends of the country.,Two men are talking.,entailment,contradiction,0
1034985636.jpg#3r1e,A man playing an electric guitar on stage.,A man playing a flute on stage.,A man playing guitar on stage.,entailment,contradiction,0
4612143549.jpg#2r1e,Four people walk across stepping stones in a body of water.,Four people sit on a picnic blanket laughing and smiling.,Four people are standing up.,entailment,contradiction,0
4756254503.jpg#0r1e,"A senior citizen wearing a hat, blue button up shirt, Khaki shorts and sandals walking in a park holding two ice cream cones.","A senior citizen wearing a hat, blue button up shirt, Khaki shorts and sandals walks through his kitchen holding two ice cream cones.",The man is outside.,entailment,contradiction,0
19796500.jpg#0r1e,A man in a navy blue shirt is tossing a boy with a large smile on his face high into the air.,A man in a navy blue shirt is tossing a ball with a large smile on his face high into the air.,A man tossing a child into the air.,entailment,contradiction,0
4873132254.jpg#1r1e,"A child is lying on the floor drawing a picture of a girl, with two other children looking on.","A child is lying on the floor drawing a picture of a monkey, with two other children looking on.",A kid draws a picture of a girl,entailment,contradiction,0
2610182024.jpg#3r1e,Three bridesmaids in blue dresses hold the train of a bride's wedding dress.,Three bridesmaids in blue dresses sit on chairs while the bride walks down the aisle alone.,The bridesmaids are assisting the bride.,entailment,contradiction,0
2273038287.jpg#3r1e,Black dog running very fast.,Black dog eats food in a bowl.,A dog is running.,entailment,contradiction,0
4525771890.jpg#1r1e,A young woman is about to descend the stairs into a metro station.,A young woman sits on a bench in a train station waiting for her train.,A young lady is outside the train station,entailment,contradiction,0
486894388.jpg#3r1e,A young male sitting in front of a computer monitor,A young male lays down on his bed listening to music.,Someone is sitting in front of a computer.,entailment,contradiction,0
4503700618.jpg#0r1e,A man in a dark long rainproof jacket but dry hair walks to the left in a city that has recently rained.,A man in a dark long rainproof jacket but dry hair runs in a city that has recently rained.,a man is walking,entailment,contradiction,0
3881645432.jpg#0r1e,An aisle at Best Buy with an employee standing at the computer and a Geek Squad sign in the background.,A man works at an outdoor street event.,The employee is indoors.,entailment,contradiction,0
2503091968.jpg#0r1e,A child is sticking her head out of the 0095 taxi cab and screaming.,A child looks into a taxi cab through a window from the sidewalk.,A child is inside a car.,entailment,contradiction,0
4850342223.jpg#1r1e,A woman on the sidewalk blocks the sun from her eyes to peer down the street.,A woman holds her whole face up to the sun.,A woman covers part of her face.,entailment,contradiction,0
2586028627.jpg#1r1e,a little boy is riding a yellow bicycle across a town square.,A little boy is riding a yellow skateboard across a town square.,A boy has a yellow bike.,entailment,contradiction,0
2314547049.jpg#0r1c,A woman smiles while she opens a red package in front of a table with yarn and glass of liquid on it.,A woman screams while she opens a red package in front of a table as a spider emerges from inside the package.,The woman is yelling at the package.,contradiction,entailment,2
4717058364.jpg#4r1c,Topless girl riding a red bike.,A girl dressed in a yellow shirt and blue pants is riding a red bike down a street.,The woman is wearing a shirt.,contradiction,entailment,2
4913055468.jpg#2r1c,A man and his son riding bikes down the sidewalk.,A man and his son wave at parade floats from the sidewalk.,the man and his son were watching a parade,contradiction,entailment,2
3053000489.jpg#0r1c,Two women and a little girl are resting with food and drink near a log in a grassy field under flowering trees.,Two men and a little boy are chasing each other through the woods.,3 men are running,contradiction,entailment,2
484443289.jpg#1r1c,A man wearing a gray ball cap walks next to a redheaded woman wearing a long-sleeved blue jean shirt.,A man wearing a light blue ball cap walks next to a redheaded woman wearing a long-sleeved blue jean shirt.,The man is wearing a blue cap.,contradiction,entailment,2
4986907081.jpg#0r1c,"A person with dark hair in a white shirt is sitting in a chair in water with a ""swim at your own risk"" sign on the wall.",A professional skydiver readies his parachute as he jumps from a small aircraft.,a man jumps out of a plane,contradiction,entailment,2
3287383259.jpg#3r1c,A woman with red-hair staples some papers,A woman with red-hair searches through a stack of papers to find her exam.,There are women shuffling papers.,contradiction,entailment,2
297725738.jpg#1r1c,A man in a purple mascot costume is standing outside of a store while a man and a woman each wearing flamboyant clothing stand off to the side.,A man in a dark green mascot costume is standing outside of a store while a man and a woman each wearing flamboyant clothing stand off to the side.,The costume is green.,contradiction,entailment,2
2936693681.jpg#1r1c,A small girl with short brown hair is pushing a pink scooter over grass with brown leaves with threes in the background,A small girl with short brown hair is building a sandcastle with her father on a public beach in Florida.,The girl is on a beach.,contradiction,entailment,2
2232518012.jpg#1r1c,The racing greyhounds have broken from the starting gate.,The racing greyhounds rest their heads on a dog bed and close their eyes at midnight.,The greyhounds are lying down to sleep for the night.,contradiction,entailment,2
2271099293.jpg#1r1c,A short-haired man in a dark camouflage jacket plays the saxophone on a street corner while people look on in the background.,A short-haired man in a dark camouflage jacket eats a sandwich that someone hands to him.,a man is eating a sandwich,contradiction,entailment,2
4958466857.jpg#2r1c,Two homeless men dressed in gray sit against a wall with a sleeping dog on a purple leash.,Two male homeowners attend a meeting to discuss neighborhood plans for a public pool.,Two men own homes.,contradiction,entailment,2
4951049912.jpg#4r1c,A person is sitting in front of a graffiti covered wall.,A person lays down on his couch to relax in his living room.,A person is laying at home,contradiction,entailment,2
2348557363.jpg#4r1c,This child is on the library steps.,A child disembarks a school bus and waits for her teacher on the steps in the entryway of her elementary school.,The child is on the school steps.,contradiction,entailment,2
2102581664.jpg#4r1c,a dog jumps over the pole.,A dog lays flat with its eyes closed while it naps on the living room carpet.,Dog is asleep on the floor.,contradiction,entailment,2
1384292980.jpg#1r1c,The girls walk down the street.,Two women and their daughters sit down in the middle of a street while taking a break from their walk.,Girls set down in the street.,contradiction,entailment,2
4525922214.jpg#2r1c,A large African American man sitting on a camping chair.,A large African American man participates in the 100 meter track race at the Olympics.,the large black man is running a race,contradiction,entailment,2
2878041967.jpg#4r1c,Children are petting small turtles in the grass.,An employee gathers buckets of algae to feed to a collection of sea turtles in an aquarium exhibit.,The sea turtles are inside the aquarium.,contradiction,entailment,2
6147066205.jpg#0r1c,A sitting man is holding a partially carved stone in front a partially painted wall.,A woman is holding a partially carved stone in front a partially painted wall.,The woman is holding a rock in front of a wall.,contradiction,entailment,2
2400461120.jpg#1r1c,"A woman is standing near three stores, two have beautiful artwork and the other store has Largo written on it.",A woman sits on a wooden bench underneath a stop sign while waiting for her husband to finish using the bathroom at a highway rest stop.,A woman sitting next to a stop sign near a rest stop bathroom outside.,contradiction,entailment,2
2226898412.jpg#4r1c,A little girl in a pink hat is in a lush green field walking an ox.,A little girl in a pink hat sits on an ox carrying her through the middle of the Sahara.,A little girl is riding her ox in a desert.,contradiction,entailment,2
151155158.jpg#1r1c,A young couple and many others out enjoying themselves at an outdoor street event.,Street event organizers discuss why their venue is empty.,No one has attended the outdoor street event.,contradiction,entailment,2
6140511870.jpg#0r1c,A man wearing a white shirt and blue jeans as well as a mask over his mouth stokes a fire.,A firefighter wearing a face mask uses a hose to put out a local house fire.,A guy in cloth pants and shirt is wearing something on his face to protect hist lungs puts out a fire.,contradiction,entailment,2
4970631613.jpg#0r1c,"A woman wearing an elaborate array of feathers in her hair, a bead necklace, a medallion, and an aqua, brown, and olive-green dress and looks off to her left, smiling slightly.","A woman wearing an elaborate array of feathers in her hair, a bead necklace, a medallion, and an aqua, brown, and olive-green dress and looks to her right to see her smiling husband looking to his left.",A man smiles to his left,contradiction,entailment,2
7513836082.jpg#2r1c,A father and his daughter are riding a lawn mover down a street while dressed in American colors.,A father and his son are using lawn shears to trim their front lawn.,two men cut grass by hand,contradiction,entailment,2
4704939941.jpg#1r1c,A man wearing a straw hat sitting in a chair holding the leash on a dog who is laying on the sidewalk next to him.,A man wearing a backwards baseball hat sitting in a chair holding the leash on a dog who is laying on the sidewalk next to him.,The man is wearing a baseball cap.,contradiction,entailment,2
7803420092.jpg#4r1c,A man preparing to bat in a baseball game.,A women's baseball team watches as their star pitcher throws a curveball.,The woman is playing baseball.,contradiction,entailment,2
8180138587.jpg#2r1c,A family with young children sits down outside.,A father holds his children's hands and his dog's leash as he takes them on a walk in the park.,A father is walking the dog with his children.,contradiction,entailment,2
8174939463.jpg#1r1c,Two girls are sitting on a park bench one is looking at her phone and the other is looking on.,Two girls frantically look at their final exam during a class period while scribbling answers down on their papers.,The two girls are at school taking an exam.,contradiction,entailment,2
6314475602.jpg#4r1c,A man wearing a kilt has thrown a large pole.,A man puts on a dance performance on a hockey field.,A man is dancing thru the field.,contradiction,entailment,2
4920455740.jpg#4r1c,A man draws a caricature of a woman.,A mechanic puts a fresh coat of paint on a used car.,A man painting a car.,contradiction,entailment,2
7002845832.jpg#3r1c,There are a group of track runners bracing to take off.,A team of track and field athletes travel to a competition on an aircraft.,The  track runners are sitting on an airplane,contradiction,entailment,2
6273518057.jpg#0r1c,A man is celebrating his victory while smiling and shooting champagne in the air with his teammate.,A man is celebrating his championship victory while smiling and shooting a paintball gun in the air with his teammate.,A man is celebrating his victory while smiling and shooting guns in the air,contradiction,entailment,2
3216316010.jpg#3r1c,A blond woman in a white shirt demonstrates her talents to a crowd.,A kid with black hair performs a hip hop dance for an audience at a talent show.,A dark haired kid dances for the crowd.,contradiction,entailment,2
4826608043.jpg#0r1c,People landscaping and gardening the areas around the walkway.,A family plants a new crop of herbs in their indoor kitchen herb garden.,People are planting in their homes.,contradiction,entailment,2
110595925.jpg#0r1c,A man in aerodynamic gear riding a bicycle down a road around a sharp curve.,A professional skier competes in the winter Olympics.,the man is skiing,contradiction,entailment,2
37791887.jpg#0r1c,A group of children divided into a maroon team and a blue team playing a soccer game.,A group of men compete in an company-wide basketball tournament at their local gym.,Men are playing basketball.,contradiction,entailment,2
533363682.jpg#1r1n,"two male's in a karate class, one who is in the air with a blue and orange belt and one who is about to get kicked in the face.",Two professional karate instructors demonstrate a jump kick for their students.,two people do jump kicks,contradiction,entailment,2
2353088412.jpg#4r1c,Dog running with pet toy being chased by another dog.,A gray and white cat runs behind a large brown dog.,A dog is being chased by a cat,contradiction,entailment,2
2562377955.jpg#0r1c,"A boy in an orange ""Spring Hill"" ball team uniform, pitching the ball.","A girl in an orange ""Spring Hill"" ball team uniform, throws a large orange ball with black lines into a basketball hoop.",A girl plays basketball.,contradiction,entailment,2
458160846.jpg#2r1c,A black and white picture of a city street with a food vendor in the foreground.,A person looks up at the gray sky.,The colors has disappeared form the world.,contradiction,entailment,2
3248676970.jpg#2r1c,A performance group is staged in one collective motion.,Students sit in their individual dormitories studying during finals.,The group is separate from one another.,contradiction,entailment,2
1094462889.jpg#0r1c,A brown dog plays in a deep pile of snow.,A large brown dog chases a man in a postal service uniform down a neighborhood street. ,A brown dog is running down the road chasing the mailman,contradiction,entailment,2
4774744625.jpg#3r1c,Three men are sitting outside on chairs with red seats.,Three brothers sit around the dinner table in their kitchen waiting to eat food.,Three men are sitting at the kitchen table.,contradiction,entailment,2
2359499627.jpg#0r1c,Two men wearing dingy blue clothing are doing their job on a boat.,Two brothers drive a rental car through a forest in the middle of the night.,Two men are driving a car in a forest.,contradiction,entailment,2
2513594933.jpg#2r1c,Many people have decided to take a rest on the steps.,Members of a professional running club win the Boston Marathon by running at high speeds.,The people are all running very fast in the Boston Marathon.,contradiction,entailment,2
2605279520.jpg#4r1c,Three women are dancing among the bamboo.,A professional fencing team compete at a fencing competition.,A group of men are fencing.,contradiction,entailment,2
2173312932.jpg#0r1c,A brown dog is in the middle of a line of dogs chasing a dirty tennis ball over dirt.,"An owner unwraps a new, pristine tennis ball to play with his dog.",The tennis ball is clean.,contradiction,entailment,2
438639005.jpg#3r1c,Two small children walk away in a field.,A man and his toddler daughters sit on a picnic blanket in the park enjoying ice cream cones.,"Two small children are sitting down, eating ice cream.",contradiction,entailment,2
4873091038.jpg#2r1c,Two people walk up to a brick building with a colorful mural on its side.,"Two brothers sit in a taxi driving look out the window and notice a large, red brick building.",Two men riding in a car past a brick building.,contradiction,entailment,2
5248756214.jpg#0r1c,"A man, wearing a cap, is pushing a cart, on which large display boards are kept, on a road.",A man buys something at a gas station.,A man is buying a lottery ticket.,contradiction,neutral,2
2641049916.jpg#2r1c,A kid with his face painted is at the top of a concrete structure with asterisks carved inside.,A kid lays down with a smile on his face.,The kid is laying in a pool.,contradiction,neutral,2
4002498838.jpg#4r1c,The man in colorful shorts is barefoot.,A person gets dressed for an event.,The man wears black pants and dress shoes.,contradiction,neutral,2
2113124815.jpg#2r1c,"Two babies, one in red, asleep in their highchairs.",Two babies on a beach with their parents.,babies making poopies while playing in the sand on a Florida beach,contradiction,neutral,2
3411022255.jpg#1r1c,Four people and a baby are crossing the street at a crosswalk.,A family rides the bus to see baseball game at a local park.,People and a baby riding the bus.,contradiction,neutral,2
6899247616.jpg#4r1c,A woman finishing a marathon race.,A woman takes part in a track and field marathon.,The woman is not going to finish the race.,contradiction,neutral,2
2847633529.jpg#0r1c,A couple has been photographed through a gap in the fence while they are sitting near the water.,A couple stands together and kiss one another on their wedding anniversary.,The couple is standing next to a cake.,contradiction,neutral,2
4749092674.jpg#2r1c,A man with a tan jacket with a full grocery bag is crossing the street.,A man carries a full grocery bag and crosses the street.,The man is wearing nothing but a t shirt.,contradiction,neutral,2
2923891109.jpg#4r1c,the white dog is carrying a ball in its mouth.,A dog chews its food.,A white dog is chewing on his food.,contradiction,neutral,2
927420680.jpg#4r1c,The man walks among the large trees.,A man walks on a sidewalk.,The mas is walking next to dogs.,contradiction,neutral,2
3132903412.jpg#0r1c,"A couple dressed in coats, hats, and scarves are standing in the snow.",A couple stand next to each other smiling and posing for a picture. ,The couple stood on the beach together.,contradiction,neutral,2
2624979508.jpg#4r1c,Artists install a new exhibit in a gallery.,Artists look at a screen and smile.,Artists are watching the tv.,contradiction,neutral,2
3366904106.jpg#0r1c,"A young man in an orange shirt, maneuvers a skateboard at the top of a ramp.","A man in an orange shirt, maneuvers a skateboard at the top of a ramp.",An old man rides a skateboard.,contradiction,neutral,2
6490573135.jpg#2r1c,"A photographer is taking photos of a hockey game, but he is protecting himself from harm by wearing a helmet.",A person uses an x-ray machine.,A photographer is taking x-rays of a hockey game,contradiction,neutral,2
4959476952.jpg#2r1c,Women are working and digging in a field.,Women sit together and chat while smiling and laughing.,Women are sitting on a grassy field.,contradiction,neutral,2
4089350664.jpg#4r1c,A man in a army uniform is holding a picture with trees in it.,A man on a boat jumps into the ocean.,"The man, wearing scuba gear, jumps off the side of the boat into the ocean below.",contradiction,neutral,2
1464120327.jpg#3r1c,Little boy peering into a glass display case.,A girl moves around the banks of a river.,a girl is walking,contradiction,neutral,2
4977435809.jpg#3r1c,Businessman walking as two arrows point to him.,A man jogs around a neighborhood park.,A guy is jogging in a sweatsuit.,contradiction,neutral,2
4889806295.jpg#0r1c,A man wearing a shite short-sleeved shirt kisses a woman wearing a light pink jacket while standing on a public street.,A person wearing a shite short-sleeved shirt kisses their dog.,A man is kissing a dog,contradiction,neutral,2
3430782104.jpg#0r1c,A person attempts to rope a black cow while riding a horse.,A woman rides a mammal across the a desert for the first time.,The person is on a camel.,contradiction,neutral,2
4655980982.jpg#3r1c,A man is playing drums with a band.,A man sings at a concert.,A man is singing with a band.,contradiction,neutral,2
4503700618.jpg#0r1c,A man in a dark long rainproof jacket but dry hair walks to the left in a city that has recently rained.,A man is at a bar.,the man is sitted in the bar,contradiction,neutral,2
1891462514.jpg#2r1c,A woman in a white hijab digs into the ground.,A farmer feeds a litter of hungry pigs.,the pigs eat dogs,contradiction,neutral,2
2234018985.jpg#4r1c,A small dog looking up to his loving owner.,A group of women carry bags while walking.,Some people are shopping.,contradiction,neutral,2
3381161854.jpg#3r1c,two dogs run across the woods.,A dog lays flat with its eyes closed.,The dogs laid down on the rug,contradiction,neutral,2
3240570205.jpg#0r1c,"One young boy in a yellow long-sleeved shirt and jeans sitting down, with five adults in front of him, one operating a video camera.",One young boy in a yellow long-sleeved shirt and jeans wears a blindfold.,A young boy juggling three red balls while blindfolded.,contradiction,neutral,2
7173939318.jpg#3r1c,A boat pear with people boarding and disembarking some boats.,A group of people attend a race.,people are at a nascar race,contradiction,neutral,2
134857559.jpg#4r1c,A band performing at a local bar or club.,A band performing in front of a group of people.,The band is playing music at a large venue,contradiction,neutral,2
5964395383.jpg#2r1c,An old man in a gray shirt smiles at the camera while doing laundry in a small room.,An old man in a gray shirt looks at the camera while doing laundry in a small room.,The man frowns at the camera,contradiction,neutral,2
4484802872.jpg#2r1c,A man in an overcoat putting on his gloves at a subway station.,A man in an overcoat putting on his gloves while boarding a vehicle.,A man is taking the bus.,contradiction,neutral,2
2890113532.jpg#0r1c,A brown dog and a black and white dog are running over grassy hills.,A cat lays down on the kitchen floor.,one cat sleeps,contradiction,neutral,2
1486399999.jpg#0r1c,A man in a blue jacket holding a handsaw sawing a pipe on top of a wood fence.,A group of people gather in a library.,Nobody is working.,contradiction,neutral,2
5218130090.jpg#1r1c,"Woman wearing green pants, blue jacket and sunhat carrying food in baskets that are hung over her shoulder.","Woman wearing green pants, blue jacket and sunhat fights with her husband.",They fight over the food they bought,contradiction,neutral,2
524250975.jpg#1r1c,a woman in a brown dress looking at papers in front of a class.,A woman in a dress attends a birthday party.,A woman in a brown dress is a murderous clown at a birthday party.,contradiction,neutral,2
571002259.jpg#3r1c,A tree worker with a hard hat is cutting down a branch.,A person climbs a tree at a park.,A ballerina is climbing a tree.,contradiction,neutral,2
3568918598.jpg#4r1e,Stick figures in the middle of the street.,A child shows a drawing they made to their parents.,A drawing of a street,contradiction,neutral,2
582653438.jpg#0r1c,"Two women are speaking to each other, one sitting and facing away, while the other is standing in a white office.","Two women look at each other, one sitting, while the other is standing in a white office.",The women are not talking to each other.,contradiction,neutral,2
3427118504.jpg#0r1c,The man in the brown shirt is holding the hand of the long-haired child in front of a painting.,The man in the brown shirt is holding the hand of his long-haired child while they go fishing.,A dad and his kid is fishing in the middle of the Pacific ocean.,contradiction,neutral,2
3827245354.jpg#0r1c,"A man wearing a black sweater and a knit cap sits in front of mountain scenery, with a cloudy sky overhead.",A man wearing a black sweater and a knit cap sits on a chair.,A man is indoors.,contradiction,neutral,2
5925544338.jpg#0r1c,"An old man, likely a blacksmith, is welding a tool, seen by the red hot scorching look of it.",A man is milking a cow.,A farmer is milking the cow.,contradiction,neutral,2
5692076205.jpg#2r1c,Man in plaid shirt sings into microphone while playing an acoustic guitar.,Man in plaid shirt sings holds the hand of a woman in a black shirt and blue jeans.,A man is walking.,contradiction,neutral,2
2813033949.jpg#3r1c,A black and white dog jumps for a tennis ball.,A black and white dog lays on a bed.,A dog is napping on the bed.,contradiction,neutral,2
4963234016.jpg#4r1c,A woman working long hours.,A woman working long hours lays on a bed.,A woman is sleeping.,contradiction,neutral,2
3564907603.jpg#0r1c,"A group of young adults with ""X"" on their hands, smiling.",A group of young adults sit across from each other at a local park.,The group of adults are crying hysterially.,contradiction,neutral,2
4661134609.jpg#0r1c,A group of cleaners are sweeping up animal feces from the street during a parade or festival.,A man wearing a black and blue shirt is walking.,A man walking on water.,contradiction,neutral,2
2717373229.jpg#1r1c,People checking out a car with all its doors open in a parking lot in the city.,A group of people stand next to a car.,Someone is blowing up the car with bombs,contradiction,neutral,2
4931443661.jpg#3r1c,A fisherman using a cellphone on a boat.,A man on a fishing boat is on a fishing trip.,A fisherman is sleeping on his boat.,contradiction,neutral,2
7420985602.jpg#0r1c,"Two men in workers' gear and colorful hard hats standing on board what appears to be a large ship, next to some very large machinery.",Two men in workers' gear and colorful hard hats sit beside the rim of a public pool.,two men are sitting by the pool next to machinery on the boat,contradiction,neutral,2
3500444530.jpg#1r1c,A man in a blue plaid shirt with black pants is sitting on a box and holding something in his hand.,A man works at a restaurant.,a man waits tables insdie,contradiction,neutral,2
6797626960.jpg#4r1c,A boy taking a shot while his team watches anxiously.,A boy rides a vehicle.,A boy is on his bike.,contradiction,neutral,2